Фамилия,Имя,Отчество,Название организации,Рабочий телефон,Личный телефон
Федоренко,Анастасия,Федотовна,OOO Balsam,+7 (921) 182-53-65,+7 (921) 182-53-65
Трусов,Лёва,Алексеевич,OOO Sobra,+7 (952) 123-36-33,+7 (952) 123-36-33
Агальцов,Геннадий,Георгиевич,Poradigma,+7 (943) 255-66-19,+7 (943) 255-66-19
Митрофанов,Яков,Павлович,Dorda,+7 (969) 650-39-84,+7 (969) 650-39-84
Ануфриева,Лариса,Петровна,Abordash,+7 (973) 215-39-20,+7 (973) 215-39-20
Мартюшов,Федор,Ипполитович,kilka,+7 (958) 930-64-77,+7 (958) 930-64-77
Янечко,Лидия,Феликсовна,FIO,+7 (938) 580-31-77,+7 (938) 580-31-77
Рязанцев,Валентин,Валерьевич,ABBA,+7 (922) 289-44-25,+7 (922) 289-44-25
Килиса,Алена,Адамовна,barbados,+7 (960) 551-62-56,+7 (960) 551-62-56
Вышегородских,Марьямна,Семеновна,Auto,+7 (944) 506-46-13,+7 (944) 506-46-13
Лазаренко,Валентин,Максимоич,NutPhone,+7 (947) 423-66-51,+7 (947) 423-66-51
